id,title,tagline,release_date,genres,belongs_to_collection,original_language,budget_musd,revenue_musd,production_companies,production_countries,vote_count,vote_average,popularity,runtime,overview,spoken_languages,poster_path,cast,cast_size,director,crew_size,profit,roi,rank
19995,Avatar,Enter the world of Pandora.,2009-12-16,Action|Adventure|Fantasy|Science Fiction,Avatar Collection,en,237.0,2923.706026,Dune Entertainment|Lightstorm Entertainment|20th Century Fox|Ingenious Film Partners,United States of America|United Kingdom,33326,7.6,48.9819,162,"In the 22nd century, a paraplegic Marine is dispatched to the moon Pandora on a unique mission, but becomes torn between following orders and protecting an alien civilization.",English|Spanish,/gKY6q7SjCkAU6FqvqWybDYgUKIF.jpg,Sam Worthington|Zoe Saldaña|Sigourney Weaver|Stephen Lang|Michelle Rodriguez,67,James Cameron,991,2686.706026,12.33631234599156,1
597,Titanic,Nothing on earth could come between them.,1997-12-18,Drama|Romance,,en,200.0,2264.162353,Paramount Pictures|20th Century Fox|Lightstorm Entertainment,United States of America,26702,7.902,30.564,194,"101-year-old Rose DeWitt Bukater tells the story of her life aboard the Titanic, 84 years later. A young Rose boards the ship with her mother and fiancé. Meanwhile, Jack Dawson and Fabrizio De Rossi win third-class tickets aboard the ship. Rose tells the whole story from Titanic's departure through to its death—on its first and last voyage—on April 15, 1912.",English|French|German|Swedish|Italian|Russian,/9xjZS2rlVxm8SFx8kPC3aIGCOYQ.jpg,Leonardo DiCaprio|Kate Winslet|Billy Zane|Kathy Bates|Frances Fisher,116,James Cameron,262,2064.162353,11.320811765,2
135397,Jurassic World,The park is open.,2015-06-06,Action|Adventure|Science Fiction|Thriller,Jurassic Park Collection,en,150.0,1671.537444,Amblin Entertainment|Universal Pictures|Legendary Pictures,United States of America,21254,6.7,12.7425,124,"Twenty-two years after the events of Jurassic Park, Isla Nublar now features a fully functioning dinosaur theme park, Jurassic World, as originally envisioned by John Hammond.",English,/rhr4y79GpxQF9IsfJItRXVaoGs4.jpg,Chris Pratt|Bryce Dallas Howard|Irrfan Khan|Vincent D'Onofrio|Ty Simpkins,53,Colin Trevorrow,428,1521.537444,11.14358296,3
12445,Harry Potter and the Deathly Hallows: Part 2,It all ends.,2011-07-12,Adventure|Fantasy,Harry Potter Collection,en,125.0,1341.511219,Warner Bros. Pictures|Heyday Films,United Kingdom|United States of America,21608,8.081,19.3177,130,"Harry, Ron and Hermione continue their quest to vanquish the evil Voldemort once and for all. Just as things begin to look hopeless for the young wizards, Harry discovers a trio of magical objects that endow him with powers to rival Voldemort's formidable skills.",English,/c54HpQmuwXjHq2C9wmoACjxoom3.jpg,Daniel Radcliffe|Emma Watson|Rupert Grint|Ralph Fiennes|Alan Rickman,105,David Yates,159,1216.511219,10.732089752,4
330457,Frozen II,The past is not what it seems.,2019-11-20,Family|Animation|Adventure|Comedy|Fantasy,Frozen Collection,en,150.0,1453.683476,Walt Disney Animation Studios,United States of America,10128,7.237,11.4636,103,"Elsa, Anna, Kristoff and Olaf head far into the forest to learn the truth about an ancient mystery of their kingdom.",English,/mINJaa34MtknCYl5AjtNJzWj8cD.jpg,Idina Menzel|Kristen Bell|Josh Gad|Jonathan Groff|Evan Rachel Wood,64,Jennifer Lee,41,1303.683476,9.691223173333332,5
109445,Frozen,Who will save the day? The ice guy? The nice guy? The snow man? Or no man?,2013-11-20,Animation|Family|Adventure|Fantasy,Frozen Collection,en,150.0,1274.219009,Walt Disney Animation Studios,United States of America,17300,7.248,21.0553,102,"Young princess Anna of Arendelle dreams about finding true love at her sister Elsa’s coronation. Fate takes her on a dangerous journey in an attempt to end the eternal winter that has fallen over the kingdom. She's accompanied by ice delivery man Kristoff, his reindeer Sven, and snowman Olaf. On an adventure where she will find out what friendship, courage, family, and true love really means.",English,/kgwjIb2JDHRhNk13lmSxiClFjVk.jpg,Idina Menzel|Kristen Bell|Jonathan Groff|Josh Gad|Livvy Stubenrauch,60,Jennifer Lee,285,1124.219009,8.494793393333333,6
140607,Star Wars: The Force Awakens,Every generation has a story.,2015-12-15,Adventure|Action|Science Fiction,Star Wars Collection,en,245.0,2068.223624,Lucasfilm Ltd.|Bad Robot,United States of America,20226,7.253,12.455,136,"Thirty years after defeating the Galactic Empire, Han Solo and his allies face a new threat from the evil Kylo Ren and his army of Stormtroopers.",English,/wqnLdwVXoBjKibFRR5U3y0aDUhs.jpg,Harrison Ford|Mark Hamill|Carrie Fisher|Adam Driver|Daisy Ridley,183,J.J. Abrams,265,1823.2236240000002,8.441729077551022,7
168259,Furious 7,Vengeance hits home.,2015-04-01,Action|Crime|Thriller,The Fast and the Furious Collection,en,190.0,1515.4,Original Film|One Race|Universal Pictures,United States of America,11103,7.218,11.2982,139,Deckard Shaw seeks revenge against Dominic Toretto and his family for his comatose brother.,Arabic|English|Spanish|Thai,/ktofZ9Htrjiy0P6LEowsDaxd3Ri.jpg,Vin Diesel|Paul Walker|Dwayne Johnson|Michelle Rodriguez|Tyrese Gibson,49,James Wan,228,1325.4,7.975789473684211,8
321612,Beauty and the Beast,Be our guest.,2017-03-16,Family|Fantasy|Romance,,en,160.0,1266.115964,Walt Disney Pictures|Mandeville Films,United States of America,15885,6.968,18.852,129,A live-action adaptation of Disney's version of the classic tale of a cursed prince and a beautiful young woman who helps him break the spell.,English|French,/hKegSKIDep2ewJWPUQD7u0KqFIp.jpg,Emma Watson|Dan Stevens|Luke Evans|Josh Gad|Kevin Kline,139,Bill Condon,158,1106.115964,7.913224775000001,9
299534,Avengers: Endgame,Avenge the fallen.,2019-04-24,Adventure|Science Fiction|Action,The Avengers Collection,en,356.0,2799.4391,Marvel Studios,United States of America,27170,8.2,19.1569,181,"After the devastating events of Avengers: Infinity War, the universe is in ruins due to the efforts of the Mad Titan, Thanos. With the help of remaining allies, the Avengers must assemble once more in order to undo Thanos' actions and restore order to the universe once and for all, no matter what consequences may be in store.",English|Japanese|Xhosa,/ulzhLuWrPK07P1YkdWQLZnQh1JL.jpg,Robert Downey Jr.|Chris Evans|Mark Ruffalo|Chris Hemsworth|Scarlett Johansson,107,Joe Russo,608,2443.4391,7.86359297752809,10
