id,title,tagline,release_date,genres,belongs_to_collection,original_language,budget_musd,revenue_musd,production_companies,production_countries,vote_count,vote_average,popularity,runtime,overview,spoken_languages,poster_path,cast,cast_size,director,crew_size
597,Titanic,Nothing on earth could come between them.,1997-12-18,Drama|Romance,,en,200.0,2264.162353,Paramount Pictures|20th Century Fox|Lightstorm Entertainment,United States of America,26702,7.902,30.564,194.0,"101-year-old Rose DeWitt Bukater tells the story of her life aboard the Titanic, 84 years later. A young Rose boards the ship with her mother and fiancé. Meanwhile, Jack Dawson and Fabrizio De Rossi win third-class tickets aboard the ship. Rose tells the whole story from Titanic's departure through to its death—on its first and last voyage—on April 15, 1912.",English|French|German|Swedish|Italian|Russian,/9xjZS2rlVxm8SFx8kPC3aIGCOYQ.jpg,Leonardo DiCaprio|Kate Winslet|Billy Zane|Kathy Bates|Frances Fisher,116,James Cameron,262
12445,Harry Potter and the Deathly Hallows: Part 2,It all ends.,2011-07-12,Adventure|Fantasy,Harry Potter Collection,en,125.0,1341.511219,Warner Bros. Pictures|Heyday Films,United Kingdom|United States of America,21608,8.081,19.3177,130.0,"Harry, Ron and Hermione continue their quest to vanquish the evil Voldemort once and for all. Just as things begin to look hopeless for the young wizards, Harry discovers a trio of magical objects that endow him with powers to rival Voldemort's formidable skills.",English,/c54HpQmuwXjHq2C9wmoACjxoom3.jpg,Daniel Radcliffe|Emma Watson|Rupert Grint|Ralph Fiennes|Alan Rickman,105,David Yates,159
19995,Avatar,Enter the world of Pandora.,2009-12-16,Action|Adventure|Fantasy|Science Fiction,Avatar Collection,en,237.0,2923.706026,Dune Entertainment|Lightstorm Entertainment|20th Century Fox|Ingenious Film Partners,United States of America|United Kingdom,33326,7.6,48.9819,162.0,"In the 22nd century, a paraplegic Marine is dispatched to the moon Pandora on a unique mission, but becomes torn between following orders and protecting an alien civilization.",English|Spanish,/gKY6q7SjCkAU6FqvqWybDYgUKIF.jpg,Sam Worthington|Zoe Saldaña|Sigourney Weaver|Stephen Lang|Michelle Rodriguez,67,James Cameron,991
24428,The Avengers,Some assembly required.,2012-04-25,Science Fiction|Action|Adventure,The Avengers Collection,en,220.0,1518.815515,Marvel Studios,United States of America,35391,7.919,82.8271,143.0,"When an unexpected enemy emerges and threatens global safety and security, Nick Fury, director of the international peacekeeping agency known as S.H.I.E.L.D., finds himself in need of a team to pull the world back from the brink of disaster. Spanning the globe, a daring recruitment effort begins!",English|Hindi|Russian,/RYMX2wcKCBAr24UyPD7xwmjaTn.jpg,Robert Downey Jr.|Chris Evans|Mark Ruffalo|Chris Hemsworth|Scarlett Johansson,112,Joss Whedon,642
99861,Avengers: Age of Ultron,A new age has come.,2015-04-22,Action|Adventure|Science Fiction,The Avengers Collection,en,235.0,1405.403694,Marvel Studios,United States of America,24047,7.3,16.4157,141.0,"When Tony Stark tries to jumpstart a dormant peacekeeping program, things go awry and Earth’s Mightiest Heroes are put to the ultimate test as the fate of the planet hangs in the balance. As the villainous Ultron emerges, it is up to The Avengers to stop him from enacting his terrible plans, and soon uneasy alliances and unexpected action pave the way for an epic and unique global adventure.",English,/4ssDuvEDkSArWEdyBl2X5EHvYKU.jpg,Robert Downey Jr.|Chris Hemsworth|Mark Ruffalo|Chris Evans|Scarlett Johansson,74,Joss Whedon,654
109445,Frozen,Who will save the day? The ice guy? The nice guy? The snow man? Or no man?,2013-11-20,Animation|Family|Adventure|Fantasy,Frozen Collection,en,150.0,1274.219009,Walt Disney Animation Studios,United States of America,17300,7.248,21.0553,102.0,"Young princess Anna of Arendelle dreams about finding true love at her sister Elsa’s coronation. Fate takes her on a dangerous journey in an attempt to end the eternal winter that has fallen over the kingdom. She's accompanied by ice delivery man Kristoff, his reindeer Sven, and snowman Olaf. On an adventure where she will find out what friendship, courage, family, and true love really means.",English,/kgwjIb2JDHRhNk13lmSxiClFjVk.jpg,Idina Menzel|Kristen Bell|Jonathan Groff|Josh Gad|Livvy Stubenrauch,60,Jennifer Lee,285
135397,Jurassic World,The park is open.,2015-06-06,Action|Adventure|Science Fiction|Thriller,Jurassic Park Collection,en,150.0,1671.537444,Amblin Entertainment|Universal Pictures|Legendary Pictures,United States of America,21254,6.7,12.7425,124.0,"Twenty-two years after the events of Jurassic Park, Isla Nublar now features a fully functioning dinosaur theme park, Jurassic World, as originally envisioned by John Hammond.",English,/rhr4y79GpxQF9IsfJItRXVaoGs4.jpg,Chris Pratt|Bryce Dallas Howard|Irrfan Khan|Vincent D'Onofrio|Ty Simpkins,53,Colin Trevorrow,428
140607,Star Wars: The Force Awakens,Every generation has a story.,2015-12-15,Adventure|Action|Science Fiction,Star Wars Collection,en,245.0,2068.223624,Lucasfilm Ltd.|Bad Robot,United States of America,20226,7.253,12.455,136.0,"Thirty years after defeating the Galactic Empire, Han Solo and his allies face a new threat from the evil Kylo Ren and his army of Stormtroopers.",English,/wqnLdwVXoBjKibFRR5U3y0aDUhs.jpg,Harrison Ford|Mark Hamill|Carrie Fisher|Adam Driver|Daisy Ridley,183,J.J. Abrams,265
168259,Furious 7,Vengeance hits home.,2015-04-01,Action|Crime|Thriller,The Fast and the Furious Collection,en,190.0,1515.4,Original Film|One Race|Universal Pictures,United States of America,11103,7.218,11.2982,139.0,Deckard Shaw seeks revenge against Dominic Toretto and his family for his comatose brother.,Arabic|English|Spanish|Thai,/ktofZ9Htrjiy0P6LEowsDaxd3Ri.jpg,Vin Diesel|Paul Walker|Dwayne Johnson|Michelle Rodriguez|Tyrese Gibson,49,James Wan,228
181808,Star Wars: The Last Jedi,Let the past die.,2017-12-13,Adventure|Action|Science Fiction,Star Wars Collection,en,300.0,1332.69883,Lucasfilm Ltd.,United States of America,16045,6.76,10.6642,152.0,"Rey develops her newly discovered abilities with the guidance of Luke Skywalker, who is unsettled by the strength of her powers. Meanwhile, the Resistance prepares to do battle with the First Order.",English,/kOVEVeg59E0wsnXmF9nrh6OmWII.jpg,Mark Hamill|Carrie Fisher|Adam Driver|Daisy Ridley|John Boyega,111,Rian Johnson,198
260513,Incredibles 2,"It's been too long, dahlings.",2018-06-14,Action|Adventure|Animation|Family,The Incredibles Collection,en,200.0,1243.225667,Pixar,United States of America,13462,7.5,11.3214,118.0,"Elastigirl springs into action to save the day, while Mr. Incredible faces his greatest challenge yet – taking care of the problems of his three children.",English,/9lFKBtaVIhP7E2Pk0IY1CwTKTMZ.jpg,Craig T. Nelson|Holly Hunter|Sarah Vowell|Huck Milner|Catherine Keener,84,Brad Bird,260
284054,Black Panther,Long live the king.,2018-02-13,Action|Adventure|Science Fiction,Black Panther Collection,en,200.0,1349.926083,Marvel Studios,United States of America,23106,7.363,13.8097,135.0,"King T'Challa returns home to the reclusive, technologically advanced African nation of Wakanda to serve as his country's new leader. However, T'Challa soon finds that he is challenged for the throne by factions within his own country as well as without. Using powers reserved to Wakandan kings, T'Challa assumes the Black Panther mantle to join with ex-girlfriend Nakia, the queen-mother, his princess-kid sister, members of the Dora Milaje (the Wakandan 'special forces') and an American secret agent, to prevent Wakanda from being dragged into a world war.",English|Korean|Swahili|Xhosa,/uxzzxijgPIY7slzFvMotPv8wjKA.jpg,Chadwick Boseman|Michael B. Jordan|Lupita Nyong'o|Danai Gurira|Martin Freeman,66,Ryan Coogler,567
299534,Avengers: Endgame,Avenge the fallen.,2019-04-24,Adventure|Science Fiction|Action,The Avengers Collection,en,356.0,2799.4391,Marvel Studios,United States of America,27170,8.2,19.1569,181.0,"After the devastating events of Avengers: Infinity War, the universe is in ruins due to the efforts of the Mad Titan, Thanos. With the help of remaining allies, the Avengers must assemble once more in order to undo Thanos' actions and restore order to the universe once and for all, no matter what consequences may be in store.",English|Japanese|Xhosa,/ulzhLuWrPK07P1YkdWQLZnQh1JL.jpg,Robert Downey Jr.|Chris Evans|Mark Ruffalo|Chris Hemsworth|Scarlett Johansson,107,Joe Russo,608
299536,Avengers: Infinity War,Destiny arrives all the same.,2018-04-25,Adventure|Action|Science Fiction,The Avengers Collection,en,300.0,2052.415039,Marvel Studios,United States of America,31385,8.235,31.32,149.0,"As the Avengers and their allies have continued to protect the world from threats too large for any one hero to handle, a new danger has emerged from the cosmic shadows: Thanos. A despot of intergalactic infamy, his goal is to collect all six Infinity Stones, artifacts of unimaginable power, and use them to inflict his twisted will on all of reality. Everything the Avengers have fought for has led up to this moment - the fate of Earth and existence itself has never been more uncertain.",English|Xhosa,/7WsyChQLEftFiDOVTGkv3hFpyyt.jpg,Robert Downey Jr.|Chris Evans|Chris Hemsworth|Josh Brolin|Mark Ruffalo,69,Anthony Russo,734
321612,Beauty and the Beast,Be our guest.,2017-03-16,Family|Fantasy|Romance,,en,160.0,1266.115964,Walt Disney Pictures|Mandeville Films,United States of America,15885,6.968,18.852,129.0,A live-action adaptation of Disney's version of the classic tale of a cursed prince and a beautiful young woman who helps him break the spell.,English|French,/hKegSKIDep2ewJWPUQD7u0KqFIp.jpg,Emma Watson|Dan Stevens|Luke Evans|Josh Gad|Kevin Kline,139,Bill Condon,158
330457,Frozen II,The past is not what it seems.,2019-11-20,Family|Animation|Adventure|Comedy|Fantasy,Frozen Collection,en,150.0,1453.683476,Walt Disney Animation Studios,United States of America,10128,7.237,11.4636,103.0,"Elsa, Anna, Kristoff and Olaf head far into the forest to learn the truth about an ancient mystery of their kingdom.",English,/mINJaa34MtknCYl5AjtNJzWj8cD.jpg,Idina Menzel|Kristen Bell|Josh Gad|Jonathan Groff|Evan Rachel Wood,64,Jennifer Lee,41
351286,Jurassic World: Fallen Kingdom,The park is gone.,2018-06-06,Action|Adventure|Science Fiction|Thriller,Jurassic Park Collection,en,170.0,1310.469037,Amblin Entertainment|Universal Pictures,United States of America,12507,6.535,12.678,129.0,"Three years after Jurassic World was destroyed, Isla Nublar now sits abandoned. When the island's dormant volcano begins roaring to life, Owen and Claire mount a campaign to rescue the remaining dinosaurs from this extinction-level event.",English|Russian,/x2Us3jR6ToMJjbcPbLimYoxf6xr.jpg,Chris Pratt|Bryce Dallas Howard|Rafe Spall|Justice Smith|Daniella Pineda,41,J.A. Bayona,389
420818,The Lion King,The king has returned.,2019-07-12,Adventure|Drama|Family|Animation,The Lion King (Reboot) Collection,en,260.0,1662.020819,Walt Disney Pictures|Fairview Entertainment,United States of America,10617,7.097,10.4397,118.0,"Simba idolizes his father, King Mufasa, and takes to heart his own royal destiny. But not everyone in the kingdom celebrates the new cub's arrival. Scar, Mufasa's brother—and former heir to the throne—has plans of his own. The battle for Pride Rock is ravaged with betrayal, tragedy and drama, ultimately resulting in Simba's exile. With help from a curious pair of newfound friends, Simba will have to figure out how to grow up and take back what is rightfully his.",English,/dzBtMocZuJbjLOXvrl4zGYigDzh.jpg,Chiwetel Ejiofor|John Oliver|Donald Glover|James Earl Jones|John Kani,20,Jon Favreau,50
